"Average, Standard desviation"
0.6736346149078908,0.028832611763563276
