"Average, Standard desviation"
0.6857404493712697,0.029468830880246794
