"Average, Standard desviation"
0.6371309611469447,0.030384648399486437
