"Average, Standard desviation"
0.8589941760586814,0.012480115876216403
