"Average, Standard desviation"
0.6223853673187224,0.03075041889521122
