"Average, Standard desviation"
0.435539376100331,0.009725976153151777
