"Average, Standard desviation"
0.4078201589829351,0.010546934839929524
