"Average, Standard desviation"
0.360372196363708,0.010663072278220768
