"Average, Standard desviation"
0.7368103390858949,0.003849109409843754
