"Average, Standard desviation"
0.35079143339535696,0.010272218925107119
