"Average, Standard desviation"
0.5830469756172254,0.00970124291892385
