"Average, Standard desviation"
0.620714800289044,0.009973862025031399
