"Average, Standard desviation"
0.5145400593487116,0.010420603123349559
