"Average, Standard desviation"
0.8188771061026133,0.004305441112699781
