"Average, Standard desviation"
0.5357054363076503,0.010833973711429025
