"Average, Standard desviation"
0.5193212016707375,0.011341415262862527
