"Average, Standard desviation"
0.5583611767206873,0.01115037686996873
