"Average, Standard desviation"
0.4650477455485435,0.011952146840143806
