"Average, Standard desviation"
0.7984845433916364,0.005496524497765453
