"Average, Standard desviation"
0.47359822896264847,0.013532909933024893
