"Average, Standard desviation"
0.6122065905486148,0.025690346333698554
