"Average, Standard desviation"
0.6266997415845136,0.026976092752025317
