"Average, Standard desviation"
0.5754461207364234,0.02753182191143211
