"Average, Standard desviation"
0.8326158751702748,0.011847191341896227
