"Average, Standard desviation"
0.5586880648162467,0.028747724198171683
