"Average, Standard desviation"
0.8802503353128066,0.043135310904272174
