"Average, Standard desviation"
0.8803355751129297,0.04388411291368059
