"Average, Standard desviation"
0.33276447653770447,0.02704015001654625
