"Average, Standard desviation"
0.8585586971961535,0.047697272946160225
