"Average, Standard desviation"
0.9480013383122591,0.01959435262697041
