"Average, Standard desviation"
0.862541930606732,0.05070923733346025
