"Average, Standard desviation"
0.7530134125397756,0.03129475839752921
