"Average, Standard desviation"
0.7758047867279786,0.03308489937280106
