"Average, Standard desviation"
0.7413653582334518,0.03489136628440342
