"Average, Standard desviation"
0.8960717521034754,0.01534292126646786
