"Average, Standard desviation"
0.7387222616145244,0.037078794295503384
