"Average, Standard desviation"
0.785703015723874,0.03229542161152455
