"Average, Standard desviation"
0.7724179268732773,0.03412128058536457
