"Average, Standard desviation"
0.7365190010172737,0.0383917909919775
