"Average, Standard desviation"
0.8986336295791589,0.015494124026065472
