"Average, Standard desviation"
0.7316343829637468,0.03989814206600634
