"Average, Standard desviation"
0.42778622817534667,0.010159170813922237
