"Average, Standard desviation"
0.44852313943780386,0.01204172918375019
