"Average, Standard desviation"
0.35460255724879414,0.011851630414327366
