"Average, Standard desviation"
0.7434040881120242,0.005110219555276282
