"Average, Standard desviation"
0.3639580117395291,0.009690376354103972
