"Average, Standard desviation"
0.7110600910390641,0.02797652632770096
