"Average, Standard desviation"
0.698325266110359,0.027679194307735293
