"Average, Standard desviation"
0.6583974987905552,0.03164794852401459
