"Average, Standard desviation"
0.8661247218589602,0.014013877113207895
