"Average, Standard desviation"
0.6519752620518066,0.0343719905728397
