"Average, Standard desviation"
0.5586044581207029,0.017684743456533192
