"Average, Standard desviation"
0.5399679973014537,0.017743649805267627
