"Average, Standard desviation"
0.49265705530446,0.019061988329490697
