"Average, Standard desviation"
0.8075062894784599,0.008460994832737337
