"Average, Standard desviation"
0.41485756508245036,0.011871216618857589
