"Average, Standard desviation"
0.4409554819454773,0.01020607011125575
