"Average, Standard desviation"
0.3511770598395703,0.012179880628661493
