"Average, Standard desviation"
0.7469834696651921,0.00420397754325335
