"Average, Standard desviation"
0.3597987472940227,0.011957730933588368
